method,median,mean,p90,n
OLD,11.125,13.384,26.576,1248842
anchor_interp,16.135,19.013,38.257,1248842
anchor_window_median,19.236,22.078,42.583,1248842
base_B_kalman,10.063,12.131,23.696,1248842
base_B_mu,10.038,12.141,23.674,1248842
base_C_kalman,10.021,12.094,23.633,1248842
base_C_mu,9.997,12.103,23.627,1248842
coupled_B_kalman,10.021,12.019,23.396,1248842
coupled_B_mu,9.993,12.037,23.371,1248842
coupled_C_kalman,10.051,12.049,23.415,1248842
coupled_C_mu,10.023,12.063,23.402,1248842
stage2_B_kalman,9.889,11.893,23.099,1248842
stage2_B_mu,9.871,11.923,23.086,1248842
stage2_C_kalman,9.947,11.899,22.981,1248842
stage2_C_mu,9.956,11.941,22.98,1248842
