key,OLD,anchor_interp,anchor_window_median,base_B_kalman,base_B_mu,coupled_B_kalman,coupled_B_mu,stage2_B_kalman,stage2_B_mu
idsse/J03WMX,10.462,15.272,19.146,9.223,9.636,9.165,9.494,9.042,9.388
idsse/J03WN1,10.846,16.188,19.428,9.683,10.004,9.485,9.76,9.333,9.584
idsse/J03WOH,11.553,16.807,19.998,9.941,10.206,9.801,10.022,9.636,9.868
idsse/J03WOY,10.941,16.813,20.181,9.66,9.923,9.571,9.822,9.378,9.586
idsse/J03WPY,10.645,15.666,18.514,9.759,10.171,9.578,9.877,9.372,9.694
idsse/J03WQQ,10.794,16.225,20.04,9.255,9.513,9.282,9.568,9.165,9.42
idsse/J03WR9,15.238,16.471,19.006,13.857,14.204,13.411,13.71,13.105,13.391
metrica/Sample_Game_1,10.569,16.141,18.772,8.967,9.277,9.638,9.923,9.864,10.276
metrica/Sample_Game_2,10.628,15.949,18.543,8.816,9.132,8.857,9.158,8.77,9.066
metrica/Sample_Game_3,10.482,15.858,18.753,9.301,9.535,9.32,9.549,9.172,9.387
