method,role,0-5s,5-10s,10-20s,20-30s,30-60s,60-120s,120s+
OLD,0,2.32,4.78,5.59,6.19,6.45,6.64,6.98
OLD,1,4.01,8.39,10.54,12.23,13.99,15.03,17.39
OLD,2,4.31,9.23,11.45,13.23,15.09,16.48,18.78
OLD,3,4.74,9.46,11.15,12.62,14.43,15.63,16.88
anchor_interp,0,2.14,5.98,8.38,9.64,10.41,10.8,11.47
anchor_interp,1,3.24,10.18,15.32,18.96,21.76,23.53,22.37
anchor_interp,2,3.83,11.77,16.63,20.59,23.72,25.13,25.51
anchor_interp,3,4.22,10.93,15.26,18.96,22.28,24.95,25.5
anchor_window_median,0,4.23,6.86,8.65,9.96,11.09,10.88,10.73
anchor_window_median,1,8.74,13.8,18.12,21.35,24.22,24.79,23.35
anchor_window_median,2,10.46,15.89,19.86,23.16,26.76,26.31,27.29
anchor_window_median,3,10.11,15.1,18.5,21.55,25.0,26.57,25.54
base_B_kalman,0,2.1,4.85,5.45,5.53,5.91,5.81,6.67
base_B_kalman,1,2.79,7.3,9.32,10.41,11.43,11.86,15.4
base_B_kalman,2,3.23,8.38,10.65,12.26,13.68,14.32,17.63
base_B_kalman,3,3.61,8.23,9.97,11.19,12.78,13.68,15.62
base_B_mu,0,2.72,4.75,5.16,5.36,5.91,6.03,6.92
base_B_mu,1,3.86,7.73,9.55,10.6,11.62,12.17,15.67
base_B_mu,2,4.36,8.91,11.02,12.6,13.94,14.6,17.82
base_B_mu,3,4.77,8.51,10.2,11.4,12.99,13.98,15.99
coupled_B_kalman,0,2.12,4.94,5.6,5.91,5.96,5.84,5.99
coupled_B_kalman,1,2.84,7.39,9.41,10.53,11.56,11.78,14.3
coupled_B_kalman,2,3.26,8.46,10.78,12.29,13.54,14.17,16.84
coupled_B_kalman,3,3.62,8.26,10.06,11.3,12.8,13.52,15.42
coupled_B_mu,0,2.92,4.78,5.36,5.67,5.9,5.96,6.21
coupled_B_mu,1,4.09,7.85,9.56,10.67,11.71,12.02,14.53
coupled_B_mu,2,4.5,8.96,11.06,12.57,13.74,14.42,17.01
coupled_B_mu,3,4.92,8.62,10.26,11.42,12.96,13.71,15.68
stage2_B_kalman,0,2.13,5.07,5.66,5.85,6.04,5.79,5.99
stage2_B_kalman,1,2.82,7.39,9.31,10.4,11.37,11.57,13.97
stage2_B_kalman,2,3.25,8.42,10.63,12.14,13.34,13.94,16.31
stage2_B_kalman,3,3.66,8.27,10.0,11.14,12.64,13.36,15.13
stage2_B_mu,0,3.08,4.89,5.37,5.57,5.89,5.95,6.13
stage2_B_mu,1,4.13,7.82,9.47,10.58,11.55,11.82,14.21
stage2_B_mu,2,4.48,8.89,10.94,12.43,13.54,14.16,16.45
stage2_B_mu,3,5.03,8.62,10.21,11.34,12.82,13.58,15.33
