key,OLD,anchor_interp,anchor_window_median,base_B_kalman,base_B_mu,base_C_kalman,base_C_mu,coupled_B_kalman,coupled_B_mu,coupled_C_kalman,coupled_C_mu,stage2_B_kalman,stage2_B_mu,stage2_C_kalman,stage2_C_mu
idsse/J03WMX,10.462,15.272,19.146,9.615,9.636,9.555,9.559,9.49,9.494,9.501,9.496,9.349,9.388,9.421,9.426
idsse/J03WN1,10.846,16.188,19.428,10.016,10.004,9.857,9.861,9.778,9.76,9.74,9.753,9.614,9.584,9.676,9.771
idsse/J03WOH,11.553,16.807,19.998,10.256,10.206,10.246,10.196,10.069,10.022,10.109,10.048,9.922,9.868,9.977,9.96
idsse/J03WOY,10.941,16.813,20.181,9.958,9.923,9.979,9.965,9.845,9.822,9.891,9.835,9.61,9.586,9.714,9.663
idsse/J03WPY,10.645,15.666,18.514,10.155,10.171,10.106,10.12,9.89,9.877,9.922,9.912,9.691,9.694,9.864,9.889
idsse/J03WQQ,10.794,16.225,20.04,9.52,9.513,9.549,9.525,9.554,9.568,9.605,9.594,9.432,9.42,9.432,9.429
idsse/J03WR9,15.238,16.471,19.006,14.214,14.204,14.475,14.47,13.719,13.71,14.056,14.079,13.393,13.391,13.726,13.77
metrica/Sample_Game_1,10.569,16.141,18.772,9.312,9.277,9.188,9.171,9.948,9.923,9.888,9.897,10.272,10.276,9.853,9.912
metrica/Sample_Game_2,10.628,15.949,18.543,9.217,9.132,8.966,8.927,9.254,9.158,9.217,9.156,9.142,9.066,9.222,9.206
metrica/Sample_Game_3,10.482,15.858,18.753,9.596,9.535,9.604,9.559,9.608,9.549,9.641,9.592,9.43,9.387,9.526,9.458
