held,sigma,median_err,p90_err,share_steps_gt9_5,step_p99
Sample_Game_1,REAL,0.0,0.0,1.600870873755323e-05,6.134833335876465
Sample_Game_1,0,9.295056075891424,21.231224968969663,0.020819325713187974,11.291021679196504
Sample_Game_1,1,9.048609798284026,20.95521068607181,0.00012006531553164921,6.0042472555300845
Sample_Game_1,2,8.95583317906335,20.74290725020919,0.0,4.6133449459752764
Sample_Game_1,3,8.978717911209925,20.65634581804188,0.0,3.9703747774463833
Sample_Game_1,5,9.239765431498778,20.902738752559664,0.0,3.31414462644168
Sample_Game_1,8,9.77765725967628,21.689655170305805,0.0,2.9807719813775764
Sample_Game_2,REAL,0.0,0.0,8.925673482635508e-05,5.929696559906006
Sample_Game_2,0,9.192979390912914,22.13975286021017,0.021916585524180462,11.29672181894939
Sample_Game_2,1,8.912731752839292,21.81041447953471,0.00018662771827328788,5.826169971562669
Sample_Game_2,2,8.80065100801381,21.62984385255176,0.0,4.402381388453425
Sample_Game_2,3,8.860172321754959,21.608906092529143,0.0,3.78586852075854
Sample_Game_2,5,9.201463439727974,21.8870886876358,0.0,3.17286705734636
Sample_Game_2,8,9.76480855356654,22.62171781346676,0.0,2.9633149876392
Sample_Game_3,REAL,0.0,0.0,7.968190981601446e-06,5.892705917358398
Sample_Game_3,0,9.576241595018166,20.783249211898582,0.017187387947314323,10.643265234780344
Sample_Game_3,1,9.364885199483286,20.488581190228466,3.984095490800724e-05,5.575503278490601
Sample_Game_3,2,9.28249339568404,20.309896889482154,0.0,4.1720001993088545
Sample_Game_3,3,9.333169429720355,20.298023529430594,0.0,3.5990313095903796
Sample_Game_3,5,9.629679038070691,20.728297963750464,0.0,3.0359094654654317
Sample_Game_3,8,10.142500297722174,21.716233445910053,0.0,2.7735447712314754
J03WPY,REAL,0.0,0.0,0.00023327605110300692,6.297585964202881
J03WPY,0,10.14522455770171,22.512840357272964,0.024882778784320738,11.700673462794795
J03WPY,1,9.888008943202253,22.247548270045936,0.00024105191947310716,6.29964814864758
J03WPY,2,9.759493743872133,22.117369288397917,7.775868370100232e-06,4.771698226663249
J03WPY,3,9.803948783163886,22.13624331066462,7.775868370100232e-06,4.084162990006727
J03WPY,5,10.065553124254036,22.483418857664162,7.775868370100232e-06,3.4271280214597497
J03WPY,8,10.572490760380957,23.323019036195134,7.775868370100232e-06,3.0731010565022214
J03WMX,REAL,0.0,0.0,7.786585270895302e-06,6.163344860076904
J03WMX,0,9.610026340978788,23.051679134013032,0.023390902153769485,11.634197921869402
J03WMX,1,9.330765270104653,22.70653151586061,0.00016351829068880132,6.0405545793785205
J03WMX,2,9.218558975184164,22.50905545711995,0.0,4.47316192207812
J03WMX,3,9.273889115521273,22.47743967607547,0.0,3.794247160399325
J03WMX,5,9.565220466236923,22.822746438356667,0.0,3.2339816985550747
J03WMX,8,10.104770817652195,23.62775339765036,0.0,2.98397574603095
J03WN1,REAL,0.0,0.0,1.6764740397994936e-05,6.104518413543701
J03WN1,0,9.995827329356326,22.5982304474421,0.02444299150027662,11.904062243016472
J03WN1,1,9.782389544242486,22.31949929742685,0.00048617747154185316,6.3596803397926
J03WN1,2,9.666462739319124,22.15163054697619,0.0,4.7034387125251875
J03WN1,3,9.668539583676411,22.144280778974487,0.0,3.8417445292063164
J03WN1,5,9.858118300372752,22.325690914411656,0.0,3.089938696592971
J03WN1,8,10.251287460547072,23.01356170917168,0.0,2.7585661269118407
J03WOH,REAL,0.0,0.0,0.000165694591728526,6.2256598472595215
J03WOH,0,10.251424151029969,23.82482497069092,0.023760604453870626,11.66649483787889
J03WOH,1,10.002693198239115,23.57274380818094,0.00037281283138918344,6.369078835181383
J03WOH,2,9.929458776945275,23.433056762838472,0.0,4.7872128159677505
J03WOH,3,10.002654356172538,23.474799115682977,0.0,3.9791538573362017
J03WOH,5,10.348357683315914,23.78685949735323,0.0,3.165297848088683
J03WOH,8,10.963774053801325,24.622444895950427,0.0,2.820645519948159
J03WOY,REAL,0.0,0.0,0.00020735140480576756,6.181987285614014
J03WOY,0,9.940754576796964,22.637072087885286,0.02459506663157643,11.86920805521197
J03WOY,1,9.716831628538154,22.37243463042175,0.00018342624271279438,6.254050120705232
J03WOY,2,9.640562465520361,22.18489421847977,2.392516209297318e-05,4.727158559942468
J03WOY,3,9.694502651640839,22.166207143155237,0.0,4.02865218427375
J03WOY,5,9.972981558205145,22.453349190336525,0.0,3.3111898843015286
J03WOY,8,10.45946434119912,23.216099447692173,0.0,2.8924234758292218
J03WQQ,REAL,0.0,0.0,0.00019496977968414895,6.241034030914307
J03WQQ,0,9.50841034221571,21.83781024460334,0.025378566322220054,11.820005984237188
J03WQQ,1,9.300303820074733,21.479606303731206,0.00017059855722363032,5.999913491268399
J03WQQ,2,9.238066573667956,21.319479731833773,0.0,4.508502449222435
J03WQQ,3,9.320758561826594,21.360363664056568,0.0,3.865946451090726
J03WQQ,5,9.64798974613428,21.77751789534819,0.0,3.2521108487466894
J03WQQ,8,10.190558127770904,22.707826456631476,0.0,2.917217216429603
J03WR9,REAL,0.0,0.0,0.00024006257114757653,6.093271732330322
J03WR9,0,14.196936436796472,37.98004483171379,0.0227904563512038,11.597672213026673
J03WR9,1,13.996014116661225,37.782150515968866,0.00020134280160764484,6.458572200669134
J03WR9,2,13.85196728734909,37.58774591304734,0.0,4.729562090776423
J03WR9,3,13.827697737233514,37.30323068577361,0.0,3.862682457972368
J03WR9,5,13.910530960609314,36.72046615082733,0.0,2.914845120746324
J03WR9,8,14.174430306715234,36.045700266463484,0.0,2.4043943173012488
