held,kx,ky,median_err,len,width,back_yspread,real_len,real_width,real_back_yspread
Sample_Game_1,1.0,1.0,9.86408097817624,29.29741983516699,34.63560560838708,25.560699322919255,32.284873962402344,40.288978576660156,29.740482330322266
Sample_Game_1,1.0,1.1,9.903190259129193,29.29741983516699,37.4541752655155,27.89400103980288,32.284873962402344,40.288978576660156,29.740482330322266
Sample_Game_1,1.0,1.2,10.01455113157889,29.29741983516699,40.331519260214336,30.179968016833666,32.284873962402344,40.288978576660156,29.740482330322266
Sample_Game_1,1.0,1.3,10.1812116624458,29.29741983516699,43.16950525288617,32.4092507646327,32.284873962402344,40.288978576660156,29.740482330322266
Sample_Game_1,1.1,1.1,9.96464652646914,31.899089920056618,37.4541752655155,27.878286395137927,32.284873962402344,40.288978576660156,29.740482330322266
Sample_Game_1,1.1,1.2,10.06713232662661,31.899089920056618,40.331519260214336,30.16114337210609,32.284873962402344,40.288978576660156,29.740482330322266
Sample_Game_1,1.2,1.2,10.162383971419947,34.509015538589075,40.331519260214336,30.15322246331679,32.284873962402344,40.288978576660156,29.740482330322266
Sample_Game_1,1.2,1.3,10.317869155250953,34.509015538589075,43.16950525288617,32.39122370965227,32.284873962402344,40.288978576660156,29.740482330322266
Sample_Game_2,1.0,1.0,8.769759568683092,27.53895610839934,35.8491353931379,27.428020637314138,31.62652587890625,37.771278381347656,29.272300720214844
Sample_Game_2,1.0,1.1,8.881520275948784,27.53895610839934,38.83705994941562,29.8504130018646,31.62652587890625,37.771278381347656,29.272300720214844
Sample_Game_2,1.0,1.2,9.076238648746061,27.53895610839934,41.86475285807633,32.27336134250288,31.62652587890625,37.771278381347656,29.272300720214844
Sample_Game_2,1.0,1.3,9.344494346826878,27.53895610839934,44.85203158852006,34.69566648127655,31.62652587890625,37.771278381347656,29.272300720214844
Sample_Game_2,1.1,1.1,8.88693207723967,29.982278971146144,38.83705994941562,29.885835127955303,31.62652587890625,37.771278381347656,29.272300720214844
Sample_Game_2,1.1,1.2,9.075093688135675,29.982278971146144,41.86475285807633,32.305965231331356,31.62652587890625,37.771278381347656,29.272300720214844
Sample_Game_2,1.2,1.2,9.131347590245925,32.431192982931385,41.86475285807633,32.349947631033416,31.62652587890625,37.771278381347656,29.272300720214844
Sample_Game_2,1.2,1.3,9.41323271121005,32.431192982931385,44.85203158852006,34.75320887166968,31.62652587890625,37.771278381347656,29.272300720214844
Sample_Game_3,1.0,1.0,9.1717446555027,27.75150181958124,36.67673573277227,30.828236142308867,34.680450439453125,40.69187927246094,32.012359619140625
Sample_Game_3,1.0,1.1,9.268458076069091,27.75150181958124,39.737645165031836,33.494087176571874,34.680450439453125,40.69187927246094,32.012359619140625
Sample_Game_3,1.0,1.2,9.439646630157608,27.75150181958124,42.829180110186286,36.18005827671878,34.680450439453125,40.69187927246094,32.012359619140625
Sample_Game_3,1.0,1.3,9.672903506874963,27.75150181958124,45.84655834060363,38.82494729434071,34.680450439453125,40.69187927246094,32.012359619140625
Sample_Game_3,1.1,1.1,9.18590224420707,30.17626855043329,39.737645165031836,33.50357362825726,34.680450439453125,40.69187927246094,32.012359619140625
Sample_Game_3,1.1,1.2,9.382741274051634,30.17626855043329,42.829180110186286,36.18782332513359,34.680450439453125,40.69187927246094,32.012359619140625
Sample_Game_3,1.2,1.2,9.349256026085222,32.58781370496495,42.829180110186286,36.19278036900127,34.680450439453125,40.69187927246094,32.012359619140625
Sample_Game_3,1.2,1.3,9.610853651770919,32.58781370496495,45.84655834060363,38.84767695535458,34.680450439453125,40.69187927246094,32.012359619140625
J03WPY,1.0,1.0,9.371899475783508,28.689808113088365,31.880816809167293,22.71634065380675,32.16999816894531,39.13999938964844,28.96000099182129
J03WPY,1.0,1.1,9.389690402353912,28.689808113088365,34.47186072601808,24.708214759256645,32.16999816894531,39.13999938964844,28.96000099182129
J03WPY,1.0,1.2,9.463860297432104,28.689808113088365,37.10087313221208,26.68889939303146,32.16999816894531,39.13999938964844,28.96000099182129
J03WPY,1.0,1.3,9.572366628169082,28.689808113088365,39.79753644283859,28.749899576038093,32.16999816894531,39.13999938964844,28.96000099182129
J03WPY,1.1,1.1,9.37022946692809,31.109174272339235,34.47186072601808,24.71149509127479,32.16999816894531,39.13999938964844,28.96000099182129
J03WPY,1.1,1.2,9.442475172019305,31.109174272339235,37.10087313221208,26.691661726652498,32.16999816894531,39.13999938964844,28.96000099182129
J03WPY,1.2,1.2,9.475858398064933,33.53792973433223,37.10087313221208,26.727592651234012,32.16999816894531,39.13999938964844,28.96000099182129
J03WPY,1.2,1.3,9.612710513032203,33.53792973433223,39.79753644283859,28.784338839945995,32.16999816894531,39.13999938964844,28.96000099182129
J03WMX,1.0,1.0,9.042478217679736,29.231085249636934,33.636669285878554,24.902614555376303,33.76000213623047,39.48999786376953,29.92999839782715
J03WMX,1.0,1.1,9.102749526781947,29.231085249636934,36.36373165586033,27.028103568209968,33.76000213623047,39.48999786376953,29.92999839782715
J03WMX,1.0,1.2,9.237835796387287,29.231085249636934,39.13896012443268,29.147446899295428,33.76000213623047,39.48999786376953,29.92999839782715
J03WMX,1.0,1.3,9.429075591104034,29.231085249636934,41.95389589449131,31.199194542604715,33.76000213623047,39.48999786376953,29.92999839782715
J03WMX,1.1,1.1,9.096330218401118,31.555860796920385,36.36373165586033,27.02481826824537,33.76000213623047,39.48999786376953,29.92999839782715
J03WMX,1.1,1.2,9.231088644884405,31.555860796920385,39.13896012443268,29.13879838747198,33.76000213623047,39.48999786376953,29.92999839782715
J03WMX,1.2,1.2,9.291074621544984,33.93713356036895,39.13896012443268,29.13701694757972,33.76000213623047,39.48999786376953,29.92999839782715
J03WMX,1.2,1.3,9.497094306608723,33.93713356036895,41.95389589449131,31.199194542604715,33.76000213623047,39.48999786376953,29.92999839782715
J03WN1,1.0,1.0,9.332688734706117,28.64495035429565,27.984121933197066,22.512186932778334,30.960002899169922,33.67500305175781,24.139999389648438
J03WN1,1.0,1.1,9.40264601837291,28.64495035429565,30.40922585568911,24.53061219513203,30.960002899169922,33.67500305175781,24.139999389648438
J03WN1,1.0,1.2,9.5198356011873,28.64495035429565,32.821041755932214,26.52714236756351,30.960002899169922,33.67500305175781,24.139999389648438
J03WN1,1.0,1.3,9.677963641708084,28.64495035429565,35.20386728215644,28.51784600711907,30.960002899169922,33.67500305175781,24.139999389648438
J03WN1,1.1,1.1,9.426941274476036,31.05985080422711,30.40922585568911,24.547638798880506,30.960002899169922,33.67500305175781,24.139999389648438
J03WN1,1.1,1.2,9.545048160727186,31.05985080422711,32.821041755932214,26.5481331641474,30.960002899169922,33.67500305175781,24.139999389648438
J03WN1,1.2,1.2,9.62589326849054,33.51080723391013,32.821041755932214,26.542909315236336,30.960002899169922,33.67500305175781,24.139999389648438
J03WN1,1.2,1.3,9.772154461323563,33.51080723391013,35.20386728215644,28.53531431356972,30.960002899169922,33.67500305175781,24.139999389648438
J03WOH,1.0,1.0,9.63572221798196,29.716218292838622,32.8117044634254,25.6475677191411,34.20500183105469,37.57999801635742,28.934999465942383
J03WOH,1.0,1.1,9.718636274048476,29.716218292838622,35.50050141362529,27.852475199052694,34.20500183105469,37.57999801635742,28.934999465942383
J03WOH,1.0,1.2,9.855582838534033,29.716218292838622,38.27138421214161,30.06222062313609,34.20500183105469,37.57999801635742,28.934999465942383
J03WOH,1.0,1.3,10.03597279081005,29.716218292838622,41.13661204320721,32.29976993093998,34.20500183105469,37.57999801635742,28.934999465942383
J03WOH,1.1,1.1,9.678070403298108,32.28013982663397,35.50050141362529,27.873111812783485,34.20500183105469,37.57999801635742,28.934999465942383
J03WOH,1.1,1.2,9.834406303359113,32.28013982663397,38.27138421214161,30.07347747715434,34.20500183105469,37.57999801635742,28.934999465942383
J03WOH,1.2,1.2,9.845156889316003,34.847945902959964,38.27138421214161,30.095765700669475,34.20500183105469,37.57999801635742,28.934999465942383
J03WOH,1.2,1.3,10.047233773928546,34.847945902959964,41.13661204320721,32.34450758633848,34.20500183105469,37.57999801635742,28.934999465942383
J03WOY,1.0,1.0,9.377679648584504,28.53922841026706,33.75300106070863,24.741688747666196,33.80500030517578,38.43000030517578,28.43000030517578
J03WOY,1.0,1.1,9.44189567600065,28.53922841026706,36.698833109515,26.982852735713895,33.80500030517578,38.43000030517578,28.43000030517578
J03WOY,1.0,1.2,9.58220615109695,28.53922841026706,39.56337359744967,29.19123802313366,33.80500030517578,38.43000030517578,28.43000030517578
J03WOY,1.0,1.3,9.785571989506902,28.53922841026706,42.481955325975655,31.423886721193114,33.80500030517578,38.43000030517578,28.43000030517578
J03WOY,1.1,1.1,9.438112990374385,30.92753526646048,36.698833109515,26.999178497022747,33.80500030517578,38.43000030517578,28.43000030517578
J03WOY,1.1,1.2,9.575635214636728,30.92753526646048,39.56337359744967,29.212628682603032,33.80500030517578,38.43000030517578,28.43000030517578
J03WOY,1.2,1.2,9.616001254005342,33.309369490635106,39.56337359744967,29.24712038998799,33.80500030517578,38.43000030517578,28.43000030517578
J03WOY,1.2,1.3,9.824051576979453,33.309369490635106,42.481955325975655,31.46347476215767,33.80500030517578,38.43000030517578,28.43000030517578
J03WQQ,1.0,1.0,9.164845020785423,27.93886278806263,32.10568148946484,22.48983330328324,32.654998779296875,40.185001373291016,27.500001907348633
J03WQQ,1.0,1.1,9.201608325944829,27.93886278806263,34.62434616871946,24.392938596724242,32.654998779296875,40.185001373291016,27.500001907348633
J03WQQ,1.0,1.2,9.300341217487922,27.93886278806263,37.24422668826742,26.2885656398442,32.654998779296875,40.185001373291016,27.500001907348633
J03WQQ,1.0,1.3,9.447862640843434,27.93886278806263,39.757428475391094,28.213045083104475,32.654998779296875,40.185001373291016,27.500001907348633
J03WQQ,1.1,1.1,9.218924306973802,30.196323765022967,34.62434616871946,24.39047364460488,32.654998779296875,40.185001373291016,27.500001907348633
J03WQQ,1.1,1.2,9.317869387028525,30.196323765022967,37.24422668826742,26.2885656398442,32.654998779296875,40.185001373291016,27.500001907348633
J03WQQ,1.2,1.2,9.389077680929706,32.52215233033535,37.24422668826742,26.290397842228096,32.654998779296875,40.185001373291016,27.500001907348633
J03WQQ,1.2,1.3,9.533309642394872,32.52215233033535,39.757428475391094,28.213045083104475,32.654998779296875,40.185001373291016,27.500001907348633
J03WR9,1.0,1.0,13.104945328669949,26.952971574508396,30.932529032689928,21.771671300923796,36.12000274658203,40.31999969482422,29.990001678466797
J03WR9,1.0,1.1,13.148399954589586,26.952971574508396,33.62242187611193,23.731509495239937,36.12000274658203,40.31999969482422,29.990001678466797
J03WR9,1.0,1.2,13.220985732401804,26.952971574508396,36.421896881745965,25.61729141077811,36.12000274658203,40.31999969482422,29.990001678466797
J03WR9,1.0,1.3,13.363121219728013,26.952971574508396,39.212692059510836,27.549711902272087,36.12000274658203,40.31999969482422,29.990001678466797
J03WR9,1.1,1.1,13.090235915780923,29.375089105454926,33.62242187611193,23.751524779067356,36.12000274658203,40.31999969482422,29.990001678466797
J03WR9,1.1,1.2,13.175417151173779,29.375089105454926,36.421896881745965,25.631385148374342,36.12000274658203,40.31999969482422,29.990001678466797
J03WR9,1.2,1.2,13.162746655241058,31.857141390568657,36.421896881745965,25.65562735552126,36.12000274658203,40.31999969482422,29.990001678466797
J03WR9,1.2,1.3,13.304372918027049,31.857141390568657,39.212692059510836,27.57269441194491,36.12000274658203,40.31999969482422,29.990001678466797
