held,method,frames,team_length_median,team_width_median,back_x_median,back_x_vs_ball_slope,back_x_vs_ball_corr,back_line_xspread_median,back_line_yspread_median,gk_x_median,share_attacker_beyond_last_defender_in_possession,attacker_minus_line_median_in_possession
Sample_Game_1,OLD,11362,32.505217062250345,42.46511171492824,41.50738516694392,0.34678665804229664,0.8741332714224612,11.271343681926854,29.935335328501772,7.931146036533036,0.2842809364548495,-2.2753101863671503
Sample_Game_1,REAL,11362,32.284873962402344,40.288978576660156,39.15489196777344,0.47412258149220765,0.8425435676667028,7.693874359130859,29.740482330322266,11.22974967956543,0.22672064777327935,-2.0034027099609375
Sample_Game_2,OLD,11208,30.955176528901017,43.78232986611445,42.03609543989818,0.36196256060710846,0.8666781296477724,10.891596600926547,31.32170358347466,10.612289001797384,0.3741970021413276,-1.3323761126330922
Sample_Game_2,REAL,11208,31.62652587890625,37.771278381347656,38.35124969482422,0.4952695937254971,0.8182437137099078,8.506574630737305,29.272300720214844,11.855024337768555,0.18219129193433262,-2.2921524047851562
Sample_Game_3,OLD,11414,31.19989776647305,48.43005595475482,42.246999917652715,0.3730933338365911,0.8958087246734285,10.617008867159228,35.62842381568584,10.172872149214598,0.3383564044156299,-1.884199953971887
Sample_Game_3,REAL,11414,34.680450439453125,40.69187927246094,38.45034408569336,0.47529123592866146,0.8368335099748201,10.088399887084961,32.012359619140625,7.310100078582764,0.25214648677063256,-1.3324508666992188
J03WPY,OLD,11696,32.83427050910527,42.18539006875651,40.954441313268326,0.37520906227060646,0.8476131126343862,11.12987145652557,30.477131279193557,13.854242596523079,0.2048563611491108,-3.3734915530778444
J03WPY,REAL,11696,32.16999816894531,39.13999938964844,39.05500030517578,0.512064761536373,0.8285000823148398,8.279998779296875,28.96000099182129,15.079999923706055,0.1877564979480164,-2.0500030517578125
J03WMX,OLD,11680,33.44649443049675,44.60316147308484,39.555817597348884,0.3890918037184605,0.8720002099296822,9.690828070418448,33.17865354188122,12.718915661486346,0.22962328767123288,-2.6671654324471987
J03WMX,REAL,11680,33.76000213623047,39.48999786376953,38.071250915527344,0.5103409707563732,0.8306395292416477,9.379999160766602,29.92999839782715,13.220000267028809,0.22465753424657534,-1.8500041961669922
J03WN1,OLD,11326,33.14449371908171,42.273973463216095,41.27492790859279,0.3800303948931737,0.8610871868749822,12.116719558130278,27.732803682209237,13.019833781477823,0.25516510683383364,-2.6721110548431
J03WN1,REAL,11326,30.960002899169922,33.67500305175781,40.12874984741211,0.5165294727607338,0.817928097647947,8.039999008178711,24.139999389648438,13.71500015258789,0.219141797633763,-1.55999755859375
J03WOH,OLD,10978,33.93976106805361,44.47240022007343,40.867984433340965,0.36838276228461786,0.885986412389205,10.91499743831251,35.60197543738781,11.994598405539742,0.249954454363272,-2.981779474922547
J03WOH,REAL,10978,34.20500183105469,37.57999801635742,38.433753967285156,0.4683229190153875,0.8133221924933807,9.105001449584961,28.934999465942383,13.739999771118164,0.2535981053015121,-1.540008544921875
J03WOY,OLD,11404,31.456212241453375,46.03173725333361,41.286960814847454,0.3263562917709243,0.8425788722725807,9.982051562165243,34.906338503484534,11.6380210643938,0.24377411434584356,-2.9412305652604473
J03WOY,REAL,11404,33.80500030517578,38.43000030517578,38.66374969482422,0.44328233610909307,0.7944774439701893,9.319999694824219,28.43000030517578,14.449999809265137,0.19922834093300595,-1.8149986267089844
J03WQQ,OLD,11388,36.3610779230782,44.09142048604528,39.49653071221656,0.41652834673503547,0.9034146874506653,12.338555980584308,30.849604808083896,11.366719135701778,0.2384966631541974,-3.100149807560893
J03WQQ,REAL,11388,32.654998779296875,40.185001373291016,39.03624725341797,0.5496879571157586,0.8845976273244092,9.520000457763672,27.500001907348633,16.6200008392334,0.21689497716894976,-2.0699996948242188
J03WR9,OLD,11744,27.950684271388976,36.77392838206039,40.95191404791133,0.3530518244182783,0.768998286773217,7.226555916592449,26.79175563784718,14.784447608250382,0.4490803814713896,-0.6416529615391866
J03WR9,REAL,11744,36.12000274658203,40.31999969482422,38.54750061035156,0.22753479157322326,0.3897195155298269,8.459999084472656,29.990001678466797,12.039999961853027,0.4478882833787466,-0.6649971008300781
Sample_Game_1,base_B,11362,30.722517723561864,32.69746212554745,39.581606905751705,0.47656831882428485,0.9271008963985383,8.464303471623005,23.56854475884419,12.777327668221169,0.26597430029924307,-3.0493772024978654
Sample_Game_2,base_B,11208,30.560031602232016,34.5223637970213,39.74154005428842,0.47868257218725146,0.9147509929930768,9.141057851050757,26.394520878950097,12.560821549327851,0.3199500356887937,-2.0888544493230157
Sample_Game_3,base_B,11414,30.777670035503068,37.077305649141664,40.13904311382211,0.4887060020333072,0.9282325812966179,9.454412682708703,30.234889712686574,13.719232054489842,0.3092693183809357,-2.6423826854961163
J03WPY,base_B,11696,30.926932930206146,32.034908488276955,40.18702669036409,0.49732524704815256,0.9194773562469382,9.160408835191411,22.908039992865156,16.424755179062092,0.2393980848153215,-3.0746571031129655
J03WMX,base_B,11680,31.889685681150112,34.03500186402382,39.088104820396524,0.4882652051507972,0.9240790225834757,8.499567148139537,24.71649434096716,15.12061272454364,0.2613013698630137,-2.5049834907238377
J03WN1,base_B,11326,31.506074895680843,28.15304924811808,39.44683073604374,0.5030787393402424,0.9232163760748997,9.601237322636432,22.248536257729786,14.846952276691198,0.2323856613102596,-3.290432602318944
J03WOH,base_B,10978,33.02650362037247,32.79693025140743,39.21186199818106,0.4755814865907558,0.9300427371238179,9.062786195664664,24.91072489722194,14.283073585887141,0.2998724722171616,-1.836412332495172
J03WOY,base_B,11404,30.618162846458837,33.89849252251869,39.90872172301114,0.4654700814500914,0.9188784217097675,8.345750797560179,24.881067072025147,14.431411244045972,0.229919326552087,-3.204567195501383
J03WQQ,base_B,11388,31.965647654441156,32.66390890741266,39.37318771126127,0.5443733687573207,0.9398175945263009,9.930885831323526,22.26668305292691,13.161129897598556,0.2759044608359677,-2.8063335179913977
J03WR9,base_B,11744,28.515898907179324,30.82662660714766,39.533339965788926,0.5069325390546648,0.9304788734279502,6.901597366497295,21.56707176885962,14.153276291251341,0.4451634877384196,-0.556234439412286
Sample_Game_1,coupled_B,11362,29.334647904199084,35.01156452961901,40.55310931940858,0.43928575044576157,0.867547411038417,7.583101943009403,25.63346358279201,12.234214209276889,0.27952825206829784,-2.835209967481447
Sample_Game_2,coupled_B,11208,29.429666278747277,35.73994747576807,39.71118949313291,0.4953999639902718,0.9095259021074459,8.097221866368686,26.966648374617243,12.071533404631538,0.3302997858672377,-2.125936574057107
Sample_Game_3,coupled_B,11414,28.857694192093273,36.642581038427906,40.33263007872795,0.4842257653154394,0.9080669676316173,8.557906825457612,30.485734817398356,14.38555908400136,0.23479936919572456,-2.845713594105078
J03WPY,coupled_B,11696,29.729789463432617,31.755776284142367,40.34818035524956,0.5018175990639507,0.8953366740679127,8.27889534012176,22.713047351777256,16.10156187784319,0.23307113543091657,-2.845793222218763
J03WMX,coupled_B,11680,29.916978223250048,33.81479451025011,38.87858321163098,0.5099685741868426,0.9175175010558342,7.896227360493128,24.463522004818866,15.089076527415843,0.2321917808219178,-3.0338670465988926
J03WN1,coupled_B,11326,29.439192473377865,27.76641309815892,40.50433607618102,0.5039553659289379,0.9027703833225306,8.564689392449257,21.852285593864174,15.967196973708383,0.2516334098534346,-2.786884520160754
J03WOH,coupled_B,10978,30.959881767153917,32.952170512731975,39.56792359146661,0.49378484809237033,0.9099839865321966,8.07748831842383,25.185333912988384,14.046164365558791,0.3155401712515941,-2.1158651599615723
J03WOY,coupled_B,11404,29.357180674068992,33.42151671867981,39.92312186883416,0.4581856648703997,0.8969362539734395,7.494437668586091,24.63735357594804,14.408137416629447,0.229919326552087,-3.5067401820917397
J03WQQ,coupled_B,11388,29.01863289291172,32.11756952967196,39.59745531953821,0.5700237684205481,0.9281322828482642,8.641386459991123,22.500733653023865,13.390299702239822,0.2653670530382859,-2.944962342368015
J03WR9,coupled_B,11744,28.111131293549064,31.00634686028966,39.57599838091278,0.4786748324301313,0.8950723197664753,6.592477890687407,21.854186610201076,14.122428605140424,0.3353201634877384,-1.646887974041526
Sample_Game_1,stage2_B,11362,29.29741983516699,34.63560560838708,40.102354623803365,0.4853896248014247,0.8643788513958613,7.446967387631747,25.560699322919255,12.252245454983695,0.3481781376518219,-3.0425833694805604
Sample_Game_2,stage2_B,11208,27.53895610839934,35.8491353931379,40.169238563863075,0.5394674772017559,0.9162890665128574,7.425253673042178,27.428020637314138,12.350404981530405,0.266773733047823,-2.8609232448979824
Sample_Game_3,stage2_B,11414,27.75150181958124,36.67673573277227,40.43432983796785,0.4851912924533802,0.9034180715372652,7.976858088902038,30.828236142308867,13.947280437800426,0.2626598913614859,-3.020598397121063
J03WPY,stage2_B,11696,28.689808113088365,31.880816809167293,40.51795725953963,0.49599952289451216,0.885593268633652,7.594720853533616,22.71634065380675,16.127504014000788,0.2149452804377565,-3.26315381490717
J03WMX,stage2_B,11680,29.231085249636934,33.636669285878554,38.7652011442337,0.5021844710796307,0.9022831093290027,7.201066631240188,24.902614555376303,15.440382029884987,0.21232876712328766,-3.36339645662585
J03WN1,stage2_B,11326,28.64495035429565,27.984121933197066,40.29453600501864,0.49506318808768657,0.8870003504116837,7.8465064271336775,22.512186932778334,16.868021739499873,0.22832420978280063,-2.8649926258283855
J03WOH,stage2_B,10978,29.716218292838622,32.8117044634254,39.89512513288436,0.49127028129016753,0.9067816946982271,7.132765044493823,25.6475677191411,14.254758891998545,0.2754600109309528,-2.2377341932827974
J03WOY,stage2_B,11404,28.53922841026706,33.75300106070863,39.4508415144649,0.44753296094753897,0.8745794533512955,6.578807346186368,24.741688747666196,14.121167732885546,0.1887057172921782,-4.275078909431027
J03WQQ,stage2_B,11388,27.93886278806263,32.10568148946484,39.37349631995325,0.576564016312455,0.9200707000710823,8.346442685880941,22.48983330328324,13.580413492874833,0.18967334035827185,-3.834612169607535
J03WR9,stage2_B,11744,26.952971574508396,30.932529032689924,39.19343916621098,0.4722125854284837,0.8621140944609339,6.480661487204088,21.771671300923796,14.148000587655925,0.25255449591280654,-3.3728411546251706
