method,held,team_speed_max,team_speed_p99,team_speed_median
OLD,Sample_Game_1,6.6830367874317504,5.601787181314842,1.0079473898910933
REAL,Sample_Game_1,6.327870845794678,4.922476582527161,1.6008461713790894
OLD,Sample_Game_2,6.6873323199733194,5.567156158367005,1.1490921125225744
REAL,Sample_Game_2,6.271248817443848,4.770015239715575,1.6295175552368164
OLD,Sample_Game_3,6.644540739606811,5.234124969115242,1.3067744590175439
REAL,Sample_Game_3,5.83571720123291,4.658867964744567,1.870121955871582
OLD,J03WPY,6.847632788005494,5.717894434136649,1.03427610244673
REAL,J03WPY,7.863321781158447,5.040797438621522,1.6315906047821045
OLD,J03WMX,6.754338494681534,5.659208444116288,1.1858734105888682
REAL,J03WMX,6.3143744468688965,4.861402630805969,1.6734613180160522
OLD,J03WN1,6.8547473451720276,5.558712697520015,0.7787565481079786
REAL,J03WN1,6.196457862854004,4.742443475723266,1.4523015022277832
OLD,J03WOH,6.629636460543931,5.850478774544705,0.9098213246981748
REAL,J03WOH,6.336209774017334,4.925550317764283,1.661177635192871
OLD,J03WOY,6.503398186690916,5.53570330477236,0.9798208068774512
REAL,J03WOY,8.551309585571289,4.825220165252686,1.7115604877471924
OLD,J03WQQ,6.737830805373176,5.596830039094931,1.1452654921298688
REAL,J03WQQ,9.17975902557373,4.925299320220954,1.7620210647583008
OLD,J03WR9,6.746192936782573,5.261585735112998,0.8504528027148304
REAL,J03WR9,10.921653747558594,4.672163848876959,1.6075185537338257
base_B,Sample_Game_1,19.43364488042194,9.763903870212904,2.1160837992647883
base_B,Sample_Game_2,18.52327643574116,9.733971807210787,2.175346969685992
base_B,Sample_Game_3,14.27038405300478,9.016467884550396,2.3642984790521595
base_B,J03WPY,15.89561813044988,10.260333597527577,2.019645419754922
base_B,J03WMX,17.25372900877786,10.273118610171743,2.2294739435974207
base_B,J03WN1,17.860542422813428,10.10946868297214,1.5377592418944483
base_B,J03WOH,18.644140429638874,10.18341214545782,1.7578011101059021
base_B,J03WOY,19.096914935678754,10.547643951952438,1.954522067240887
base_B,J03WQQ,20.314207876044946,10.313931123090867,2.200693938784351
base_B,J03WR9,21.71817114543824,10.495137414744365,1.7255848767555575
coupled_B,Sample_Game_1,20.022580707143817,9.1461713056449,1.9976060196537406
coupled_B,Sample_Game_2,16.79814905919506,8.698513531374795,2.0425838926299638
coupled_B,Sample_Game_3,14.96957307591585,8.089630987575301,2.2036139311038663
coupled_B,J03WPY,16.75585873914381,9.20604550395733,1.9113174549219467
coupled_B,J03WMX,15.747665547259277,9.234201468600817,2.087267980989954
coupled_B,J03WN1,17.97343933574044,9.279875000971206,1.53046801640824
coupled_B,J03WOH,16.91148691761048,9.336828262055803,1.698262021691947
coupled_B,J03WOY,18.207580674501965,9.594796777305127,1.8341254037208885
coupled_B,J03WQQ,19.28774712236471,9.273617428634429,2.083371573630752
coupled_B,J03WR9,19.04681772788886,9.536969884567002,1.6052961368494216
stage2_B,Sample_Game_1,24.072930558776115,10.033318357220033,2.1501300580567055
stage2_B,Sample_Game_2,17.44826156377528,9.132442710073699,2.098707881851964
stage2_B,Sample_Game_3,15.27979825783945,8.262492289973403,2.18365353185518
stage2_B,J03WPY,14.630453907041428,9.024113167318824,1.932990812527251
stage2_B,J03WMX,18.46163946971594,8.930297940071885,2.088543765740545
stage2_B,J03WN1,19.05006256095626,9.201009408751206,1.5658531076771451
stage2_B,J03WOH,16.166039905643935,9.043562301485322,1.7336930177419045
stage2_B,J03WOY,19.520091082111776,9.078767439426022,1.8736454927581296
stage2_B,J03WQQ,25.600844641901045,9.222188491963106,2.097727853958164
stage2_B,J03WR9,23.339757228642938,9.760786842065539,1.6652084122763147
base_C,Sample_Game_1,21.776391504201953,11.372625048545533,2.150197870927838
base_C,Sample_Game_2,24.09536996722189,11.204626817898015,2.2636625332277482
base_C,Sample_Game_3,22.644259726985883,10.822018520795776,2.5567112578163504
base_C,J03WPY,20.28260682448669,11.659518258237405,2.0571285865316726
base_C,J03WMX,19.66746508554346,11.591104388738469,2.3275497722653378
base_C,J03WN1,22.33282543948728,11.598153984428247,1.5222763443008076
base_C,J03WOH,19.77127552522971,11.978140817119248,1.8117659053276238
base_C,J03WOY,21.293194703339342,11.883316493515817,2.034433758743536
base_C,J03WQQ,21.315226253892483,11.785297503937612,2.282820941053293
base_C,J03WR9,28.239809782256067,12.162139353224498,1.7513578042269997
coupled_C,Sample_Game_1,19.864769756085618,10.395018344315499,2.0306711385783007
coupled_C,Sample_Game_2,22.954592672754682,9.948420425006505,2.1083843655071846
coupled_C,Sample_Game_3,19.5888802379093,10.157473018280175,2.4118197775971764
coupled_C,J03WPY,20.44780213223031,10.897299547914612,1.994905694122763
coupled_C,J03WMX,19.16466245657218,10.935632068310227,2.2157375089376745
coupled_C,J03WN1,20.492746851100364,10.732139388386623,1.5031809402942922
coupled_C,J03WOH,19.411898599087458,10.992858660612182,1.7531031308701808
coupled_C,J03WOY,21.013989843186728,11.37781389206826,1.9429399099443483
coupled_C,J03WQQ,20.832096606414773,10.940861211988672,2.1860447728643395
coupled_C,J03WR9,24.610872818493554,11.156731409537176,1.6377051463944943
stage2_C,Sample_Game_1,22.420429429413254,10.429991326087038,2.1134605390792816
stage2_C,Sample_Game_2,23.91233403462044,9.74366407786771,2.09567103275244
stage2_C,Sample_Game_3,18.874486422663175,9.75832388017839,2.352875716715955
stage2_C,J03WPY,22.174410628602974,10.518919123257227,1.968708873414453
stage2_C,J03WMX,20.032169432276287,10.139520611869878,2.1837753801040343
stage2_C,J03WN1,20.90667908819125,10.021036014524375,1.595579378650573
stage2_C,J03WOH,20.27151349706393,10.606989070735631,1.7616900202051202
stage2_C,J03WOY,22.05132540608586,10.308768065774188,1.9008400762802231
stage2_C,J03WQQ,17.973311780967876,9.9948998253073,2.1341490753802423
stage2_C,J03WR9,26.561747788715866,10.739478901330475,1.656049622109515
