role,stat,real_statsbomb,simulated
GK,median,42.0,9.6
GK,p75,133.82,96.6
GK,p90,257.5,251.76
GK,p99,592.67,715.29
GK,max,1780.29,1280.2
GK,anchors_per90_median,54.5,52.45
GK,share<1s,0.048,0.136
GK,share<2s,0.117,0.267
GK,share<5s,0.208,0.433
GK,share<10s,0.261,0.504
GK,share<30s,0.434,0.614
GK,share<60s,0.564,0.685
GK,share<120s,0.722,0.778
GK,share<300s,0.927,0.926
DEF,median,14.4,6.6
DEF,p75,70.94,51.8
DEF,p90,153.08,130.4
DEF,p99,379.75,339.24
DEF,max,1567.07,804.2
DEF,anchors_per90_median,100.1,118.23
DEF,share<1s,0.121,0.164
DEF,share<2s,0.261,0.322
DEF,share<5s,0.403,0.472
DEF,share<10s,0.466,0.541
DEF,share<30s,0.596,0.668
DEF,share<60s,0.717,0.774
DEF,share<120s,0.856,0.89
DEF,share<300s,0.979,0.984
MID,median,9.02,7.8
MID,p75,56.36,54.45
MID,p90,123.67,118.04
MID,p99,304.8,287.69
MID,max,1130.14,476.4
MID,anchors_per90_median,123.23,123.91
MID,share<1s,0.156,0.174
MID,share<2s,0.292,0.306
MID,share<5s,0.438,0.451
MID,share<10s,0.509,0.519
MID,share<30s,0.639,0.643
MID,share<60s,0.762,0.769
MID,share<120s,0.895,0.902
MID,share<300s,0.989,0.992
FWD,median,14.05,19.6
FWD,p75,67.85,70.8
FWD,p90,135.62,144.4
FWD,p99,314.36,366.9
FWD,max,1048.03,653.4
FWD,anchors_per90_median,110.87,101.19
FWD,share<1s,0.147,0.168
FWD,share<2s,0.263,0.269
FWD,share<5s,0.406,0.384
FWD,share<10s,0.472,0.447
FWD,share<30s,0.59,0.555
FWD,share<60s,0.722,0.703
FWD,share<120s,0.876,0.869
FWD,share<300s,0.988,0.979
